{
  "design_system": {
    "identity": {
      "name": "E1_PreventiveHealth_MVP",
      "aesthetic": "Calm Clinical",
      "core_values": ["Trust", "Clarity", "Empowerment", "Serenity"],
      "theme_mode": "light"
    },
    "typography": {
      "font_family": {
        "headings": "Manrope, sans-serif",
        "body": "Inter, sans-serif",
        "mono": "JetBrains Mono, monospace"
      },
      "scale": {
        "h1": "text-3xl font-bold tracking-tight text-slate-900",
        "h2": "text-2xl font-semibold tracking-tight text-slate-900",
        "h3": "text-xl font-semibold text-slate-900",
        "body_lg": "text-lg leading-relaxed text-slate-600",
        "body_base": "text-base leading-relaxed text-slate-600",
        "body_sm": "text-sm leading-relaxed text-slate-500",
        "caption": "text-xs font-medium tracking-wide text-slate-400 uppercase"
      },
      "imports": [
        "@import url('https://fonts.googleapis.com/css2?family=Inter:wght@400;500;600&family=Manrope:wght@400;500;600;700;800&display=swap');"
      ]
    },
    "colors": {
      "palette": {
        "primary": {
          "DEFAULT": "#0F766E",
          "foreground": "#FFFFFF",
          "50": "#F0FDFA",
          "100": "#CCFBF1",
          "500": "#14B8A6",
          "700": "#0F766E",
          "900": "#134E4A"
        },
        "secondary": {
          "DEFAULT": "#F1F5F9",
          "foreground": "#0F172A"
        },
        "background": "#F8FAFC",
        "surface": "#FFFFFF",
        "text": {
          "primary": "#0F172A",
          "secondary": "#64748B",
          "muted": "#94A3B8"
        },
        "status": {
          "success": { "bg": "#ECFDF5", "text": "#047857" },
          "warning": { "bg": "#FFFBEB", "text": "#B45309" },
          "error": { "bg": "#FFF1F2", "text": "#BE123C" },
          "info": { "bg": "#EFF6FF", "text": "#1D4ED8" }
        }
      },
      "usage_rules": {
        "primary_action": "bg-[#0F766E] text-white hover:bg-[#0D655D]",
        "secondary_action": "bg-slate-100 text-slate-900 hover:bg-slate-200",
        "surface_card": "bg-white border border-slate-100 shadow-sm",
        "app_background": "bg-slate-50"
      }
    },
    "layout": {
      "container": {
        "mobile_wrapper": "max-w-md mx-auto min-h-screen bg-slate-50 shadow-2xl overflow-hidden relative pb-20",
        "padding_base": "p-6",
        "padding_loose": "p-8"
      },
      "grid_system": {
        "dashboard": "grid grid-cols-1 gap-4",
        "stats_row": "grid grid-cols-3 gap-3"
      },
      "spacing": {
        "section_gap": "space-y-6",
        "item_gap": "space-y-4"
      }
    },
    "components": {
      "cards": {
        "base": "bg-white rounded-2xl p-5 shadow-[0_2px_8px_rgba(0,0,0,0.04)] border border-slate-100/50",
        "interactive": "transition-all duration-200 active:scale-[0.98] hover:shadow-md cursor-pointer",
        "biomarker": "flex flex-col items-start justify-between h-full"
      },
      "buttons": {
        "primary": "h-12 px-8 rounded-full bg-[#0F766E] text-white font-semibold shadow-lg shadow-teal-900/10 hover:shadow-teal-900/20 transition-all active:scale-95",
        "secondary": "h-12 px-8 rounded-full bg-white text-slate-700 border border-slate-200 font-medium hover:bg-slate-50 transition-all active:scale-95",
        "ghost": "h-10 px-4 rounded-lg text-slate-500 hover:text-[#0F766E] hover:bg-teal-50 font-medium transition-colors"
      },
      "inputs": {
        "base": "h-12 rounded-xl border-slate-200 bg-white px-4 text-slate-900 focus:border-[#0F766E] focus:ring-2 focus:ring-[#0F766E]/20 transition-all placeholder:text-slate-400"
      },
      "navigation": {
        "bottom_bar": "fixed bottom-0 left-0 right-0 bg-white/80 backdrop-blur-xl border-t border-slate-100 h-20 pb-2 flex items-center justify-around z-50 max-w-md mx-auto",
        "nav_item": "flex flex-col items-center justify-center gap-1 p-2 text-xs font-medium text-slate-400 transition-colors hover:text-[#0F766E]",
        "nav_item_active": "text-[#0F766E]"
      },
      "chips": {
        "base": "inline-flex items-center px-2.5 py-0.5 rounded-full text-xs font-medium",
        "normal": "bg-emerald-50 text-emerald-700 border border-emerald-100",
        "borderline": "bg-amber-50 text-amber-700 border border-amber-100",
        "attention": "bg-rose-50 text-rose-700 border border-rose-100"
      }
    },
    "visual_assets": {
      "images": {
        "welcome_hero": "https://images.pexels.com/photos/8534450/pexels-photo-8534450.jpeg",
        "doctor_avatar": "https://images.pexels.com/photos/6252726/pexels-photo-6252726.jpeg",
        "family_hero": "https://images.pexels.com/photos/8922538/pexels-photo-8922538.jpeg",
        "user_avatar_placeholder": "https://api.dicebear.com/7.x/avataaars/svg?seed=Felix"
      },
      "icons": {
        "library": "lucide-react",
        "style": "stroke-width={1.5} className='w-5 h-5'"
      }
    },
    "motion": {
      "transitions": {
        "page": {
          "initial": { "opacity": 0, "y": 20 },
          "animate": { "opacity": 1, "y": 0 },
          "exit": { "opacity": 0, "y": -20 },
          "transition": { "duration": 0.3, "ease": "easeOut" }
        },
        "stagger": {
          "container": {
            "hidden": { "opacity": 0 },
            "show": {
              "opacity": 1,
              "transition": { "staggerChildren": 0.1 }
            }
          },
          "item": {
            "hidden": { "opacity": 0, "y": 10 },
            "show": { "opacity": 1, "y": 0 }
          }
        }
      }
    }
  },
  "implementation_guide": {
    "file_structure_notes": "Use .js/.jsx extensions as per project setup. Ensure Tailwind config includes the custom colors and border radius.",
    "global_css_rules": [
      "Add @import for Manrope font in index.css",
      "Set body { @apply bg-slate-50 text-slate-900 font-sans antialiased; }",
      "Ensure #root { @apply min-h-screen flex flex-col; }"
    ],
    "component_customization": {
      "shadcn": "Override default shadcn radius to '1rem' (rounded-2xl) for cards and '9999px' (rounded-full) for buttons. Remove default card borders if they are too harsh."
    },
    "accessibility": {
      "contrast": "Ensure all text on colored backgrounds meets WCAG AA. Use text-white on primary buttons.",
      "touch_targets": "Ensure all interactive elements are at least 44x44px (use p-3 or h-12).",
      "testing": "Add data-testid to all interactive elements (buttons, inputs, cards)."
    }
  },
  "universal_guidelines": [
    "Do not use gradients for backgrounds, use solid slate-50 or white.",
    "Use 'Manrope' for all Headings (h1-h3) and 'Inter' for body text.",
    "Always use the 'mobile_wrapper' class for the main app container to ensure the mobile-app look.",
    "Bottom navigation must be sticky/fixed at the bottom.",
    "Use the 'chips' styles for all biomarker statuses.",
    "Never use generic 'blue' for primary actions; always use the defined Teal #0F766E."
  ]
}